Data;Abruzzo;Basilicata;Calabria;Campania;Emilia-Romagna;Friuli;Lazio;Liguria;Lombardia;Marche;Molise;Piemonte;Puglia;Sardegna;Sicilia;Toscana;Trentino Alto Adige;Umbria;Valle Dâ€™Aosta;Veneto;ITALIA - media regioni;ITALIA - media settimanale;ITALIA - media giorni feriali;ITALIA - media fine settimana
24/02/20;0;2;5;-4;-6;-6;3;-3;-13;2;5;-10;1;1;0;2;1;3;18;-8;-0,35;;;
25/02/20;-5;-1;1;-10;-7;-6;0;-6;-17;-3;1;-13;-3;-4;-5;0;-5;-1;10;-11;-4,25;;;
26/02/20;-2;3;1;-5;-9;-5;1;-4;-16;-5;0;-11;1;0;-3;1;-5;2;10;-10;-2,80;;;
27/02/20;-4;1;0;-6;-9;-5;0;-4;-17;-5;-1;-9;0;-1;-3;-1;-9;-2;15;-11;-3,55;;;
28/02/20;-1;-2;-2;-8;-8;-4;0;-7;-17;-7;-1;-11;-1;2;-3;-1;-6;2;8;-9;-3,80;;-2,95;
29/02/20;0;0;-1;-2;-10;-7;0;-7;-19;-7;7;-10;2;4;-1;-2;-4;1;0;-10;-3,30;;;-6,30
01/03/20;-4;-1;-3;-4;-20;-20;-11;-13;-24;-12;-14;-8;0;1;1;-14;-14;-10;7;-23;-9,30;-3,91;;
02/03/20;0;4;6;-2;-7;-4;-1;-3;-13;-2;4;-8;3;2;-1;-3;-4;-1;3;-8;-1,75;;;
03/03/20;-29;-23;-12;-11;-44;-26;-18;-23;-38;-27;-24;-22;-11;-32;-18;-27;-35;-25;-13;-38;-24,80;;;
04/03/20;-28;-21;-10;-11;-42;-23;-17;-21;-37;-28;-22;-22;-10;-32;-17;-26;-31;-22;-19;-36;-23,75;;;
05/03/20;-4;-1;-2;-8;-6;-2;-9;0;-13;-5;-2;-8;-5;-2;-6;-5;-6;-6;-4;-6;-5,00;;;
06/03/20;-8;-6;-7;-13;-9;-6;-13;-6;-17;-11;-10;-12;-8;-5;-11;-9;-6;-8;-3;-9;-8,85;;-12,83;
07/03/20;-10;-13;-12;-13;-14;-14;-14;-5;-19;-16;-15;-10;-10;-9;-10;-12;-20;-13;-4;-13;-12,30;;;-14,78
08/03/20;-15;-13;-19;-12;-26;-5;-12;-15;-35;-21;-27;-23;-14;-3;-15;-12;-20;-13;-24;-21;-17,25;-13,39;;
09/03/20;-11;-6;-10;-18;-19;-8;-19;-14;-27;-15;-6;-23;-11;-9;-14;-15;-14;-13;-14;-18;-14,20;;;
10/03/20;-19;-15;-19;-29;-19;-12;-29;-20;-32;-21;-14;-31;-22;-13;-23;-20;-13;-18;-30;-20;-20,95;;;
11/03/20;-24;-21;-30;-39;-23;-13;-35;-27;-36;-24;-18;-35;-28;-19;-30;-25;-23;-21;-35;-23;-26,45;;;
12/03/20;-33;-30;-41;-50;-27;-22;-46;-34;-43;-29;-29;-43;-39;-26;-40;-31;-31;-32;-41;-29;-34,80;;;
13/03/20;-40;-39;-47;-57;-32;-19;-53;-44;-50;-39;-41;-50;-47;-31;-48;-39;-41;-37;-54;-36;-42,20;;-27,72;
14/03/20;-57;-50;-59;-67;-53;-37;-65;-58;-67;-58;-56;-69;-55;-48;-57;-57;-68;-58;-74;-60;-58,65;;;-66,50
15/03/20;-73;-66;-74;-80;-71;-58;-76;-74;-78;-72;-77;-82;-73;-68;-75;-70;-80;-74;-90;-76;-74,35;-38,80;;
16/03/20;-44;-40;-51;-60;-37;-35;-56;-44;-52;-42;-42;-52;-48;-35;-53;-40;-44;-42;-49;-42;-45,40;;;
17/03/20;-45;-44;-54;-61;-40;-38;-57;-48;-55;-44;-44;-55;-52;-37;-56;-42;-45;-44;-50;-47;-47,90;;;
18/03/20;-46;-43;-54;-62;-41;-37;-57;-50;-57;-46;-43;-56;-52;-38;-56;-43;-46;-44;-52;-47;-48,50;;;
19/03/20;-49;-47;-58;-63;-43;-39;-59;-51;-58;-48;-46;-57;-54;-38;-57;-46;-49;-49;-59;-49;-50,95;;;
20/03/20;-51;-49;-59;-65;-44;-38;-61;-55;-59;-51;-53;-60;-55;-40;-59;-48;-51;-49;-68;-51;-53,30;;-49,21;
21/03/20;-63;-61;-68;-72;-60;-50;-71;-68;-72;-65;-65;-74;-63;-57;-66;-63;-68;-68;-78;-66;-65,90;;;-72,73
22/03/20;-77;-77;-83;-85;-73;-65;-81;-80;-82;-77;-81;-85;-80;-74;-86;-73;-83;-78;-92;-79;-79,55;-55,93;;
23/03/20;-52;-52;-59;-66;-48;-42;-60;-54;-62;-52;-52;-62;-57;-42;-59;-49;-51;-50;-65;-52;-54,30;;;
24/03/20;-54;-52;-60;-66;-47;-41;-60;-53;-61;-53;-50;-63;-59;-41;-60;-49;-47;-49;-63;-51;-53,95;;;
25/03/20;-56;-51;-62;-67;-49;-37;-61;-55;-63;-56;-49;-64;-59;-42;-63;-50;-52;-51;-63;-52;-55,10;;;
26/03/20;-59;-59;-65;-69;-56;-48;-64;-56;-67;-60;-49;-67;-62;-46;-62;-55;-57;-56;-66;-60;-59,15;;;
27/03/20;-60;-58;-63;-69;-57;-51;-65;-61;-68;-62;-60;-69;-61;-48;-62;-58;-59;-59;-73;-62;-61,25;;-56,75;
28/03/20;-66;-65;-70;-73;-65;-57;-72;-70;-74;-68;-66;-76;-66;-57;-66;-66;-75;-71;-81;-70;-68,70;;;-74,90
29/03/20;-80;-79;-84;-85;-76;-69;-82;-80;-83;-78;-80;-86;-81;-78;-85;-75;-86;-81;-93;-81;-81,10;-61,94;;
30/03/20;-56;-56;-63;-67;-55;-50;-63;-57;-66;-59;-53;-67;-59;-48;-60;-56;-61;-58;-70;-61;-59,25;;;
31/03/20;-57;-56;-64;-67;-56;-51;-63;-58;-67;-60;-54;-67;-61;-47;-61;-56;-57;-57;-68;-61;-59,40;;;
01/04/20;-57;-52;-63;-66;-56;-50;-62;-58;-67;-60;-49;-67;-60;-48;-61;-56;-60;-56;-70;-61;-58,95;;;
02/04/20;-58;-56;-65;-67;-56;-53;-63;-58;-66;-62;-57;-67;-61;-49;-62;-57;-60;-56;-68;-61;-60,10;;;
03/04/20;-58;-57;-65;-67;-56;-52;-64;-62;-67;-61;-58;-67;-61;-48;-62;-58;-59;-58;-74;-61;-60,75;;-59,69;
4/4/2020;-65;-61;-69;-72;-64;-54;-71;-69;-73;-68;-66;-75;-64;-56;-66;-66;-73;-69;-82;-68;-67,55;;;-73,78
5/4/2020;-80;-78;-84;-84;-75;-65;-81;-79;-82;-77;-81;-85;-80;-77;-85;-74;-83;-80;-91;-79;-80,00;-63,71;;
6/4/2020;-55;-52;-60;-65;-52;-48;-61;-55;-63;-56;-55;-63;-58;-45;-59;-53;-57;-54;-64;-56;-56,55;;;
7/4/2020;-53;-53;-61;-65;-52;-46;-60;-56;-62;-56;-52;-63;-58;-46;-60;-53;-54;-54;-65;-56;-56,25;;;
8/4/2020;-53;-53;-60;-63;-50;-45;-60;-56;-61;-56;-52;-62;-57;-44;-59;-52;-55;-52;-66;-54;-55,50;;;
9/4/2020;-54;-52;-58;-62;-50;-47;-60;-55;-61;-56;-55;-62;-57;-44;-58;-53;-57;-54;-65;-55;-55,75;;;
10/4/2020;-55;-56;-59;-64;-53;-52;-61;-58;-64;-59;-58;-64;-56;-44;-59;-55;-61;-56;-71;-60;-58,25;;-56,46;
11/4/2020;-62;-61;-65;-68;-63;-60;-67;-68;-70;-66;-65;-71;-61;-53;-61;-64;-77;-68;-83;-68;-66,05;;;-76,68
12/4/2020;-88;-84;-89;-91;-85;-80;-89;-84;-89;-86;-90;-89;-87;-81;-88;-84;-89;-91;-93;-89;-87,30;-62,24;;
13/4/2020;-92;-89;-92;-92;-92;-91;-92;-91;-92;-91;-91;-93;-90;-91;-91;-91;-91;-92;-89;-93;-91,30;;;
14/4/2020;-54;-54;-59;-65;-51;-47;-60;-56;-61;-57;-53;-62;-57;-47;-58;-53;-59;-54;-67;-56;-56,50;;;
15/4/2020;-51;-52;-57;-62;-46;-41;-57;-52;-57;-52;-51;-60;-55;-44;-57;-50;-50;-49;-60;-50;-52,65;;;
16/4/2020;-51;-53;-58;-63;-46;-40;-58;-50;-57;-53;-52;-59;-56;-43;-57;-50;-51;-50;-61;-50;-52,90;;;
17/4/2020;-52;-51;-57;-63;-48;-39;-59;-53;-58;-53;-54;-61;-55;-42;-57;-52;-51;-52;-67;-51;-53,75;;-61,42;
18/4/2020;-60;-58;-64;-69;-59;-51;-67;-63;-68;-63;-62;-71;-60;-52;-61;-63;-68;-66;-79;-63;-63,35;;;-71,08
19/4/2020;-79;-75;-82;-83;-72;-65;-80;-78;-81;-75;-80;-84;-78;-76;-84;-73;-83;-78;-92;-78;-78,80;-64,18;;
20/4/2020;-48;-48;-54;-61;-45;-39;-58;-49;-55;-51;-51;-59;-53;-40;-54;-48;-49;-49;-65;-48;-51,20;;;
21/4/2020;-49;-47;-55;-61;-46;-38;-57;-50;-55;-51;-48;-59;-54;-42;-55;-49;-43;-51;-58;-47;-50,75;;;
22/4/2020;-49;-49;-55;-61;-45;-38;-56;-48;-54;-50;-50;-57;-54;-42;-54;-48;-43;-48;-60;-46;-50,35;;;
23/4/2020;-48;-49;-56;-61;-45;-35;-57;-47;-54;-50;-53;-57;-54;-41;-54;-48;-46;-48;-58;-45;-50,30;;;
24/4/2020;-49;-48;-52;-60;-46;-36;-57;-51;-55;-50;-52;-57;-49;-39;-51;-49;-46;-45;-65;-47;-50,20;;-50,56;
25/4/2020;-82;-78;-82;-78;-78;-70;-83;-73;-79;-81;-81;-85;-82;-73;-83;-79;-75;-80;-81;-79;-79,10;;;-77,50
26/4/2020;-76;-74;-79;-84;-67;-59;-76;-75;-78;-71;-75;-81;-76;-73;-83;-68;-81;-76;-92;-74;-75,90;-58,26;;
27/4/2020;-44;-43;-49;-55;-40;-35;-54;-44;-52;-44;-44;-54;-48;-38;-50;-43;-43;-44;-55;-42;-46,05;;;
28/4/2020;-45;-45;-51;-56;-41;-32;-54;-46;-52;-45;-45;-55;-49;-38;-51;-45;-39;-46;-54;-41;-46,50;;;
29/4/2020;-44;-43;-50;-55;-40;-31;-53;-44;-50;-45;-45;-53;-47;-36;-50;-43;-41;-44;-57;-40;-45,55;;;
30/4/2020;-44;-41;-49;-52;-43;-32;-51;-44;-50;-46;-48;-51;-44;-35;-46;-45;-40;-46;-56;-42;-45,25;;;
1/5/2020;-90;-87;-86;-89;-90;-88;-91;-86;-91;-91;-90;-92;-85;-89;-89;-89;-82;-90;-87;-91;-88,65;;-54,40;
2/5/2020;-56;-52;-57;-60;-57;-55;-63;-60;-64;-62;-60;-66;-51;-45;-53;-59;-75;-62;-82;-60;-59,95;;;-66,38
3/5/2020;-73;-71;-72;-76;-65;-56;-75;-73;-76;-70;-75;-80;-70;-70;-80;-65;-78;-71;-90;-70;-72,80;-57,82;;
4/5/2020;-28;-27;-28;-29;-27;-24;-37;-31;-35;-32;-30;-34;-23;-23;-29;-29;-36;-27;-43;-28;-30,00;;;
5/5/2020;-27;-23;-25;-26;-26;-20;-35;-31;-32;-28;-26;-32;-20;-22;-27;-28;-26;-25;-34;-25;-26,90;;;
6/5/2020;-26;-26;-24;-26;-26;-18;-34;-31;-32;-27;-28;-32;-20;-22;-27;-27;-29;-23;-38;-25;-27,05;;;
7/5/2020;-28;-27;-26;-27;-26;-17;-35;-31;-32;-26;-28;-31;-21;-23;-27;-28;-33;-26;-39;-24;-27,75;;;
8/5/2020;-27;-28;-26;-27;-26;-16;-35;-35;-33;-28;-33;-34;-21;-23;-26;-29;-33;-27;-48;-26;-29,05;;-28,15;
9/5/2020;-29;-26;-22;-24;-30;-28;-36;-38;-39;-30;-39;-37;-18;-23;-22;-36;-54;-31;-66;-32;-33,00;;;-39,48
10/5/2020;-44;-38;-31;-32;-41;-40;-47;-50;-50;-37;-59;-52;-26;-40;-44;-45;-71;-43;-81;-48;-45,95;-31,39;;
11/5/2020;-24;-22;-20;-23;-21;-20;-32;-29;-31;-23;-25;-30;-17;-20;-23;-24;-33;-22;-44;-24;-25,35;;;
12/5/2020;-23;-19;-19;-18;-20;-18;-29;-24;-27;-21;-20;-26;-14;-18;-19;-20;-26;-19;-31;-20;-21,55;;;
13/5/2020;-23;-19;-20;-19;-20;-16;-30;-25;-28;-20;-23;-28;-13;-19;-21;-23;-30;-19;-35;-20;-22,55;;;
14/5/2020;-24;-23;-23;-21;-22;-15;-32;-26;-29;-22;-25;-27;-17;-20;-23;-24;-32;-21;-35;-22;-24,15;;;
15/5/2020;-24;-23;-22;-22;-22;-16;-32;-30;-31;-23;-31;-30;-17;-22;-22;-25;-33;-24;-47;-25;-26,05;;-23,93;
16/5/2020;-26;-20;-19;-18;-28;-28;-33;-32;-34;-28;-37;-36;-12;-18;-17;-32;-55;-31;-67;-30;-30,05;;;-35,38
17/5/2020;-42;-33;-24;-25;-37;-36;-43;-44;-46;-29;-58;-48;-18;-26;-33;-40;-69;-41;-78;-44;-40,70;-27,20;;
18/5/2020;-16;-11;-9;-8;-15;-12;-20;-18;-20;-13;-19;-18;-2;-13;-12;-15;-25;-12;-26;-14;-14,90;;;
19/5/2020;-17;-12;-9;-4;-16;-11;-18;-15;-19;-14;-20;-15;-1;-15;-11;-15;-26;-13;-28;-15;-14,70;;;
20/5/2020;-17;-13;-11;-6;-16;-9;-18;-17;-19;-15;-19;-15;-2;-12;-11;-13;-26;-11;-28;-13;-14,55;;;
21/5/2020;-18;-13;-13;-5;-16;-12;-19;-20;-20;-14;-23;-17;-3;-11;-13;-16;-36;-13;-29;-16;-16,35;;;
22/5/2020;-17;-11;-8;-6;-16;-12;-19;-20;-21;-15;-23;-18;-1;-12;-11;-18;-26;-15;-41;-16;-16,30;;-15,36;
23/5/2020;-11;-9;3;9;-11;-13;-8;-19;-13;-8;-21;-11;11;-1;3;-14;-51;-11;-59;-14;-12,40;;;-13,93
24/5/2020;-19;-10;3;13;-18;-14;-10;-22;-17;-10;-43;-12;24;4;-1;-16;-58;-15;-68;-20;-15,45;-14,95;;
25/5/2020;-12;-5;-6;-4;-12;-12;-17;-13;-18;-10;-14;-15;1;-8;-9;-13;-27;-9;-26;-13;-12,10;;;
26/5/2020;-10;-1;-4;1;-11;-8;-12;-10;-14;-7;-10;-10;5;-5;-5;-8;-19;-7;-22;-11;-8,40;;;
27/5/2020;-7;-3;0;3;-10;-8;-12;-10;-14;-5;-9;-10;6;-2;-3;-8;-21;-2;-21;-10;-7,30;;;
28/5/2020;-8;-6;-4;1;-11;-9;-14;-11;-15;-6;-12;-12;3;-4;-5;-10;-24;-5;-28;-12;-9,60;;;
29/5/2020;-11;-6;-3;-3;-11;-7;-16;-13;-16;-10;-16;-14;1;-5;-6;-10;-25;-7;-34;-12;-11,20;;-9,72;
30/5/2020;-6;-5;7;15;-6;-10;-5;-10;-7;-4;-22;-4;9;7;7;-7;-45;-6;-53;-9;-7,70;;;-11,53
31/5/2020;-19;-12;4;15;-15;-17;-6;-23;-13;-8;-45;-13;18;8;-2;-13;-63;-16;-69;-18;-15,35;-10,24;;
1/6/2020;-15;-5;-1;3;-26;-30;-15;-20;-26;-19;-19;-18;7;-8;-2;-21;-51;-15;-30;-29;-17,00;;;
2/6/2020;-59;-54;-41;-17;-66;-63;-49;-53;-61;-55;-63;-48;-20;-61;-42;-59;-66;-57;-52;-65;-52,55;;;
3/6/2020;4;8;9;10;-4;4;-3;4;-7;1;7;-3;12;4;3;-1;-16;12;-16;-4;1,20;;;
4/6/2020;1;4;5;7;-4;-2;-7;0;-10;1;4;-7;8;2;-1;-3;-13;6;-16;-6;-1,55;;;
5/6/2020;2;3;3;1;-2;2;-10;6;-10;1;-1;-6;4;-1;-3;-2;-16;5;-21;-6;-2,55;;-14,49;
6/6/2020;16;17;20;26;6;-3;8;13;-3;11;25;5;24;10;12;5;-32;16;-28;-1;7,35;;;6,53
7/6/2020;22;42;30;37;3;-15;10;0;-18;20;28;-12;43;12;10;6;-52;18;-55;-15;5,70;-8,49;;
8/6/2020;3;8;10;8;-4;-5;-9;-1;-11;2;6;-8;11;2;1;-2;-18;4;-13;-6;-1,10;;;
9/6/2020;5;10;11;13;-3;-4;-3;3;-7;6;7;-3;14;4;4;2;-11;5;-8;-4;2,05;;;
10/6/2020;3;9;11;12;-2;1;-3;3;-8;3;6;-3;15;4;6;1;-12;8;-9;-4;2,05;;;
11/6/2020;3;9;10;12;-3;-5;-6;4;-8;6;4;-4;14;2;3;0;-17;8;-10;-4;0,90;;;
12/6/2020;-8;-1;-3;2;-10;-8;-14;-2;-15;-7;-14;-11;6;-12;-6;-10;-12;-4;-22;-10;-8,05;;-0,83;
13/6/2020;13;18;23;22;4;1;3;10;-2;10;16;-2;27;6;12;5;-28;13;-34;3;6,00;;;9,53
14/6/2020;18;50;36;40;7;-5;12;27;-3;20;17;11;45;25;17;8;-37;12;-35;-4;13,05;2,13;;
15/6/2020;-3;3;5;5;-6;-8;-12;9;-13;-3;-2;-6;10;-3;-2;-4;-14;-2;-4;-8;-2,90;;;
16/6/2020;5;9;13;14;-1;-1;-1;8;-5;6;10;0;16;10;7;4;-5;9;2;-2;4,90;;;
17/6/2020;7;12;13;13;0;1;0;7;-5;6;6;0;18;11;8;4;-6;12;-3;-1;5,15;;;
18/6/2020;6;9;11;13;-1;-1;-2;9;-7;6;8;-1;17;9;5;1;-9;7;-3;-3;3,70;;;
19/6/2020;8;13;16;14;1;1;-2;15;-7;8;6;0;17;8;5;4;-9;10;-8;-2;4,90;;3,15;
20/6/2020;19;28;29;27;10;4;11;32;2;19;19;9;31;28;16;15;-17;18;-10;5;14,75;;;20,95
21/6/2020;27;65;37;40;26;6;23;52;8;30;25;22;51;42;25;27;-10;24;8;15;27,15;8,24;;
22/6/2020;9;14;15;13;1;-1;-3;19;-7;7;8;-2;18;13;6;3;-4;8;0;-2;5,75;;;
23/6/2020;8;12;15;15;2;3;2;21;-3;6;9;4;21;15;10;7;-2;10;8;0;8,15;;;
24/6/2020;10;15;17;18;1;2;3;6;-3;8;10;1;23;16;12;4;-4;13;18;1;8,55;;;
25/6/2020;8;15;13;16;1;-1;1;16;-5;9;9;1;21;13;9;5;-6;10;8;-2;7,05;;;
26/6/2020;10;19;20;17;4;3;3;16;-6;12;8;-1;21;17;10;9;-7;14;-2;0;8,35;;7,57;
27/6/2020;30;32;36;27;14;5;10;31;2;25;35;7;36;35;21;21;-12;26;-7;7;19,05;;;25,35
28/6/2020;40;79;49;37;28;13;12;49;6;38;40;17;59;54;27;35;-4;40;-1;15;31,65;12,65;;
29/6/2020;19;21;20;18;3;1;-14;25;-6;13;14;0;24;16;11;8;-4;16;3;-1;9,35;;;
30/6/2020;12;18;19;18;3;3;4;18;-2;10;14;4;25;20;13;9;-3;12;8;2;10,35;;;
1/7/2020;14;18;21;21;4;3;5;17;0;12;14;5;28;21;18;10;-3;16;9;2;11,75;;;
2/7/2020;10;11;18;15;3;1;1;19;-2;13;10;4;24;19;12;7;-4;12;12;1;9,30;;;
3/7/2020;11;17;20;13;2;3;3;20;-5;13;9;0;20;20;10;8;-4;14;6;-1;8,95;;9,94;
4/7/2020;27;30;33;22;10;5;8;27;1;25;28;10;34;39;21;19;-9;20;5;5;18,00;;;25,18
5/7/2020;39;65;46;36;22;12;22;36;6;39;32;22;55;65;29;31;7;35;33;15;32,35;14,29;;
6/7/2020;11;17;18;10;2;1;-2;22;-6;11;9;-1;19;20;9;6;3;12;15;0;8,80;;;
7/7/2020;12;21;21;19;4;3;4;18;0;14;20;6;26;24;17;9;6;12;22;2;13,00;;;
8/7/2020;15;20;23;19;4;6;5;24;0;14;18;7;29;27;18;10;4;17;17;3;14,00;;;
9/7/2020;16;18;22;19;5;2;4;25;-1;14;16;7;28;26;17;10;4;15;19;2;13,40;;;
10/7/2020;18;25;28;20;8;7;6;22;-2;15;22;4;29;27;17;11;3;17;14;2;14,65;;12,77;
11/7/2020;34;38;42;25;12;9;10;30;0;27;37;8;40;52;25;22;0;22;4;3;22,00;;;30,88
12/7/2020;50;97;60;39;25;23;21;47;9;44;51;16;64;75;37;34;18;35;30;20;39,75;17,94;;
13/7/2020;19;24;28;19;6;2;2;30;-4;17;23;2;30;29;17;11;5;15;19;1;14,75;;;
14/7/2020;17;22;27;22;6;7;6;19;1;16;28;7;32;32;22;13;8;14;15;5;15,95;;;
15/7/2020;19;26;27;22;6;4;6;21;0;16;29;7;33;34;19;14;7;16;31;5;17,10;;;
16/7/2020;17;23;24;21;6;4;5;25;-1;16;20;5;30;32;20;12;4;15;30;3;15,55;;;
17/7/2020;19;29;30;19;9;8;3;19;-3;18;16;3;28;31;20;12;10;17;21;3;15,60;;15,79;
18/7/2020;43;43;46;25;18;10;8;28;1;35;45;9;43;61;25;26;16;24;23;8;26,85;;;34,50
19/7/2020;59;95;66;39;32;18;23;45;7;44;47;20;65;88;30;39;37;33;37;19;42,15;21,14;;
20/7/2020;22;29;32;19;8;4;2;29;-3;15;25;2;30;33;20;12;16;14;31;4;17,20;;;
21/7/2020;20;25;30;22;7;10;6;20;1;16;25;7;32;35;22;13;13;18;30;7;17,95;;;
22/7/2020;21;27;30;22;8;9;6;19;1;17;25;7;35;35;25;14;13;19;31;6;18,50;;;
23/7/2020;17;22;24;16;2;2;-1;21;-2;12;17;3;27;29;17;8;8;11;29;3;13,25;;;
24/7/2020;10;13;16;0;-1;-3;-6;8;-8;3;7;-8;10;24;5;5;5;5;6;-7;4,20;;14,22;
25/7/2020;20;15;22;-5;3;8;-8;20;-12;8;15;-7;9;51;3;12;10;2;4;-1;8,45;;;26,80
26/7/2020;59;107;80;42;30;19;21;47;7;42;53;18;72;103;46;39;30;34;35;19;45,15;17,81;;
27/7/2020;22;35;37;20;8;2;2;30;-2;17;23;3;33;36;22;13;15;14;39;4;18,65;;;
28/7/2020;20;27;36;22;8;4;6;20;1;21;24;7;33;38;25;14;14;14;32;6;18,60;;;
29/7/2020;23;27;36;24;8;8;6;21;1;16;27;7;35;40;27;16;14;20;33;5;19,70;;;
30/7/2020;22;26;34;21;8;4;2;22;0;13;21;5;32;38;22;12;12;13;30;4;17,05;;;
31/7/2020;20;33;39;22;5;0;3;18;-6;11;21;1;33;38;21;10;8;13;21;-2;15,45;;17,89;
1/8/2020;46;64;70;26;24;11;9;29;0;30;56;9;50;78;33;29;24;26;31;9;32,70;;;38,23
2/8/2020;63;115;98;37;26;16;17;35;-3;43;58;7;73;120;45;36;34;33;12;10;43,75;23,70;;
3/8/2020;13;22;33;3;3;0;-6;22;-13;9;21;-7;17;40;11;11;19;9;36;-3;12,00;;;
4/8/2020;15;21;30;3;0;1;-5;16;-11;9;23;-4;19;46;13;8;20;8;43;-2;12,65;;;
5/8/2020;16;17;30;3;0;1;-6;13;-12;9;22;-6;18;40;15;9;19;12;47;-1;12,30;;;
6/8/2020;16;24;40;11;1;0;-6;13;-13;11;21;-5;28;46;18;9;18;13;54;-2;14,85;;;
7/8/2020;22;34;52;15;1;-2;-3;9;-17;12;27;-9;34;47;23;9;16;14;36;-5;15,75;;13,51;
8/8/2020;59;75;100;25;28;12;7;29;-10;46;86;-1;61;107;42;40;49;40;30;11;41,80;;;46,63
9/8/2020;74;120;120;33;29;21;9;33;-13;52;75;0;87;120;56;40;68;44;46;15;51,45;22,97;;
10/8/2020;22;40;64;4;-10;-11;-12;15;-31;7;34;-22;39;55;25;3;28;11;75;-17;15,95;;;
11/8/2020;20;38;62;3;-17;-13;-12;9;-33;3;33;-21;39;60;26;0;20;10;66;-19;13,70;;;
12/8/2020;21;41;63;2;-20;-18;-14;7;-36;2;32;-24;38;58;27;-1;17;10;61;-23;12,15;;;
13/8/2020;17;41;62;-1;-24;-22;-18;7;-40;-4;22;-28;34;56;24;-6;14;3;61;-28;8,50;;;
14/8/2020;12;33;61;-7;-31;-30;-24;-6;-46;-11;21;-31;28;47;12;-12;15;-1;43;-35;1,90;;10,44;
15/8/2020;12;42;57;-15;-24;-22;-33;0;-45;2;34;-28;22;70;-2;-1;31;0;41;-24;5,85;;;29,83
16/8/2020;91;120;120;28;34;16;1;39;-23;53;99;-15;91;120;61;48;95;53;32;13;53,80;15,98;;
17/8/2020;14;40;69;-8;-18;-26;-24;9;-42;-4;30;-31;32;49;20;-4;39;7;65;-29;9,40;;;
18/8/2020;16;38;63;-8;-23;-23;-23;0;-40;-3;30;-27;33;52;22;-4;24;10;67;-27;8,85;;;
19/8/2020;16;35;60;-8;-23;-23;-23;-1;-39;-6;25;-27;35;49;21;-6;24;11;69;-26;8,15;;;
20/8/2020;13;33;54;-10;-23;-23;-26;-1;-40;-6;23;-29;31;44;18;-8;22;7;69;-28;6,00;;;
21/8/2020;12;35;54;-13;-20;-23;-27;-4;-40;-6;17;-30;27;41;15;-7;24;8;37;-28;3,60;;7,20;
22/8/2020;62;88;99;10;21;4;-8;21;-20;35;79;-13;58;107;38;37;63;40;29;5;37,75;;;46,13
23/8/2020;82;120;120;33;48;17;8;44;-12;58;85;-1;84;120;53;54;74;58;31;14;54,50;18,32;;
24/8/2020;26;43;54;5;-3;-11;-14;8;-24;13;31;-16;32;44;21;6;25;13;45;-12;14,30;;;
25/8/2020;16;37;46;5;-5;-7;-13;5;-19;9;24;-11;34;43;21;6;23;14;47;-8;13,35;;;
26/8/2020;18;35;43;6;-4;-3;-11;5;-17;10;23;-9;33;41;22;8;21;18;44;-5;13,90;;;
27/8/2020;17;32;40;4;-3;-5;-13;4;-17;8;22;-9;29;37;18;5;19;15;47;-7;12,15;;;
28/8/2020;16;33;40;3;1;-2;-13;3;-19;8;22;-13;28;31;15;6;18;15;8;-7;9,65;;12,67;
29/8/2020;45;74;66;19;25;5;2;21;-7;31;63;-3;46;80;30;34;25;33;-9;3;29,15;;;37,08
30/8/2020;65;120;96;45;42;11;11;36;0;51;91;4;71;115;41;43;36;35;-22;9;45,00;19,64;;
31/8/2020;17;34;34;20;7;-1;-4;15;-8;14;27;-1;30;30;18;12;10;11;17;-2;14,00;;;
1/9/2020;10;27;30;22;2;8;0;9;-2;9;23;4;30;32;21;10;8;11;8;0;13,10;;;
2/9/2020;13;26;28;20;4;4;0;9;-1;10;22;4;31;33;21;12;9;15;10;4;13,70;;;
3/9/2020;11;21;22;20;5;2;0;10;0;11;17;4;28;29;17;10;9;16;18;2;12,60;;;
4/9/2020;14;23;25;19;7;5;1;12;-1;10;16;2;28;27;16;12;12;17;3;6;12,70;;13,22;
5/9/2020;30;43;41;31;22;17;12;30;10;26;41;14;40;60;27;31;27;26;7;17;27,60;;;35,93
6/9/2020;50;95;60;49;41;23;30;57;18;44;47;21;64;82;35;52;41;44;5;27;44,25;19,71;;
7/9/2020;14;24;28;22;10;14;3;12;1;13;20;4;28;29;19;13;15;14;3;3;14,45;;;
8/9/2020;17;25;23;24;9;6;7;15;7;15;25;10;29;29;20;15;16;16;8;9;16,25;;;
9/9/2020;15;23;24;24;9;8;7;11;6;14;22;9;30;29;22;16;12;18;11;10;16,00;;;
10/9/2020;14;22;19;22;9;7;6;12;5;14;17;8;27;25;18;14;9;16;5;7;13,80;;;
11/9/2020;15;22;21;21;11;10;6;18;4;13;15;6;25;23;16;14;10;18;-6;8;13,50;;14,80;
12/9/2020;28;39;34;34;22;15;17;28;16;28;34;18;37;47;24;31;11;28;-9;18;25,00;;;32,30
13/9/2020;42;83;48;49;34;28;31;53;22;39;39;24;57;74;29;43;27;38;3;29;39,60;19,80;;
14/9/2020;9;19;15;14;7;5;3;11;1;13;15;6;19;23;14;13;8;17;4;8;11,20;;;
15/9/2020;13;20;18;20;10;11;9;14;8;14;21;14;23;24;19;17;12;18;5;11;15,05;;;
16/9/2020;15;23;24;26;11;8;12;13;10;16;19;16;29;26;24;18;6;22;10;9;16,85;;;
17/9/2020;13;20;17;23;9;2;9;12;9;12;17;14;25;21;19;15;4;18;3;7;13,45;;;
18/9/2020;15;23;20;23;11;10;10;13;8;13;17;12;26;20;18;18;6;21;-7;9;14,30;;14,17;
19/9/2020;24;34;30;32;20;17;16;24;18;24;33;18;35;39;27;29;5;29;-20;19;22,65;;;29,00
20/9/2020;41;66;44;50;32;24;29;47;24;41;33;20;58;60;37;44;16;42;-34;33;35,35;18,41;;
21/9/2020;16;24;22;22;10;8;8;14;8;15;19;11;26;20;18;15;5;18;4;9;14,60;;;
22/9/2020;16;22;22;26;12;9;14;16;14;15;21;17;29;23;22;19;9;20;5;12;17,15;;;
23/9/2020;18;23;23;28;11;11;15;15;12;17;23;16;29;21;22;20;9;23;7;12;17,75;;;
24/9/2020;14;21;17;25;10;9;11;17;10;11;18;14;28;20;19;17;2;20;5;9;14,85;;;
25/9/2020;16;23;19;21;12;10;9;13;8;12;11;13;26;19;18;17;5;21;-11;9;13,55;;15,58;
26/9/2020;23;32;26;36;22;10;14;23;20;25;34;21;39;36;29;30;-8;32;-25;17;21,80;;;18,40
27/9/2020;12;30;25;17;20;10;0;30;23;18;-5;20;38;32;22;23;-8;18;-40;15;15,00;16,39;;
28/9/2020;13;20;20;26;8;8;8;13;9;12;12;13;28;13;20;14;4;15;1;9;13,30;;;
29/9/2020;18;25;24;37;11;11;17;16;13;16;23;17;32;20;24;18;5;20;10;12;18,45;;;
30/9/2020;16;24;25;32;11;12;16;15;14;15;19;17;31;23;25;18;4;22;9;10;17,90;;;
1/10/2020;15;19;19;29;8;9;12;18;11;13;18;16;28;19;22;15;-1;18;3;8;14,95;;;
2/10/2020;15;22;20;26;9;9;10;2;8;13;10;10;26;19;21;14;-2;20;-13;7;12,30;;15,38;
3/10/2020;23;32;28;34;19;5;12;19;18;21;25;21;33;30;25;20;-23;24;-33;10;17,15;;;17,33
4/10/2020;28;50;30;43;22;4;17;7;13;25;11;9;45;38;34;19;-31;28;-50;8;17,50;15,94;;
5/10/2020;15;17;18;19;9;6;7;15;8;13;11;12;22;17;16;13;2;16;2;8;12,30;;;
6/10/2020;19;23;23;29;12;11;15;15;15;17;18;19;30;22;23;18;7;19;12;14;18,05;;;
7/10/2020;17;22;20;29;12;9;13;13;14;13;14;18;30;24;23;17;4;20;9;11;16,60;;;
8/10/2020;12;20;18;25;9;6;9;12;12;12;8;15;27;18;17;13;2;15;3;9;13,10;;;
9/10/2020;13;20;18;22;12;10;11;10;9;11;7;11;25;15;18;14;1;18;-10;9;12,20;;14,45;
10/10/2020;24;32;28;32;22;16;21;14;23;21;25;21;34;27;26;24;-10;31;-19;18;20,50;;;16,45
11/10/2020;18;49;29;19;10;-6;3;9;13;14;6;14;38;28;30;16;-27;20;-32;-3;12,40;15,02;;
12/10/2020;15;19;20;21;11;10;8;11;11;13;13;15;23;16;18;15;1;16;2;11;13,45;;;
13/10/2020;13;23;19;24;13;13;12;13;14;15;21;18;27;18;20;17;6;20;5;14;16,25;;;
14/10/2020;13;20;19;22;11;11;12;9;12;13;16;15;26;16;18;17;4;17;3;11;14,25;;;
15/10/2020;10;16;13;12;10;7;7;8;9;11;8;11;21;13;13;11;-3;13;-2;7;9,75;;;
16/10/2020;12;20;16;11;15;11;8;8;9;10;10;10;23;13;15;11;-4;16;-10;9;10,65;;12,87;
17/10/2020;11;25;20;15;17;12;10;11;14;17;17;15;26;14;17;18;-18;24;-26;12;12,55;;;12,60
18/10/2020;13;36;15;21;17;14;16;13;12;21;-1;8;31;20;16;21;-21;25;-39;15;12,65;12,79;;
19/10/2020;10;18;16;8;7;10;4;9;5;11;9;8;20;12;11;10;-2;13;0;8;9,35;;;
20/10/2020;10;20;16;11;9;12;8;11;8;12;16;12;23;14;13;13;3;14;3;12;12,00;;;
21/10/2020;12;19;18;12;11;14;10;11;9;13;18;13;26;14;16;17;1;18;4;13;13,45;;;
22/10/2020;10;16;14;10;8;7;5;10;5;10;15;9;20;11;11;10;-2;13;-4;8;9,30;;;
23/10/2020;10;18;15;4;7;11;4;7;4;10;9;7;20;9;12;8;-5;11;-14;6;7,65;;10,35;
24/10/2020;12;21;18;7;10;9;2;2;3;10;15;8;21;15;15;11;-26;11;-27;6;7,15;;;5,90
25/10/2020;12;32;8;3;11;12;5;0;-1;13;-5;-4;25;21;13;8;-34;2;-39;11;4,65;9,08;;
26/10/2020;6;17;10;-1;6;13;-2;2;0;7;9;3;18;9;7;6;-17;7;-4;4;5,00;;;
27/10/2020;8;18;12;4;8;10;4;10;5;10;12;9;19;10;9;11;4;10;1;8;9,10;;;
28/10/2020;9;18;11;6;8;13;5;8;4;10;15;9;20;10;11;10;2;12;-2;8;9,35;;;
29/10/2020;6;14;7;1;5;9;0;7;1;7;13;7;17;6;7;6;-4;9;-6;4;5,80;;;